head,rule,params,precision_pct,recall_pct
ultra,silero,"(0.1,)",98.29,91.05
ultra,silero,"(0.15,)",98.82,89.76
ultra,silero,"(0.2,)",99.07,88.84
ultra,silero,"(0.25,)",99.24,88.14
ultra,silero,"(0.3,)",99.34,87.54
ultra,silero,"(0.35,)",99.43,86.98
ultra,silero,"(0.4,)",99.5,86.49
ultra,silero,"(0.45,)",99.56,86.02
ultra,silero,"(0.5,)",99.61,85.56
ultra,silero,"(0.55,)",99.64,85.13
ultra,silero,"(0.6,)",99.68,84.71
ultra,silero,"(0.65,)",99.71,84.25
ultra,silero,"(0.7,)",99.74,83.78
ultra,silero,"(0.75,)",99.76,83.28
ultra,silero,"(0.8,)",99.8,82.68
ultra,silero,"(0.85,)",99.83,81.97
ultra,silero,"(0.9,)",99.86,80.88
ultra,head,"(0.1,)",91.92,96.24
ultra,head,"(0.15,)",93.56,95.06
ultra,head,"(0.2,)",94.79,94.09
ultra,head,"(0.25,)",95.83,93.18
ultra,head,"(0.3,)",96.65,92.33
ultra,head,"(0.35,)",97.33,91.54
ultra,head,"(0.4,)",97.85,90.79
ultra,head,"(0.45,)",98.26,90.09
ultra,head,"(0.5,)",98.58,89.4
ultra,head,"(0.55,)",98.82,88.61
ultra,head,"(0.6,)",99.0,87.76
ultra,head,"(0.65,)",99.15,86.87
ultra,head,"(0.7,)",99.28,85.91
ultra,head,"(0.75,)",99.36,84.84
ultra,head,"(0.8,)",99.47,83.46
ultra,head,"(0.85,)",99.53,81.77
ultra,head,"(0.9,)",99.6,79.05
ultra,or,"(0.1, 0.1)",91.75,96.66
ultra,or,"(0.2, 0.1)",91.89,96.37
ultra,or,"(0.3, 0.1)",91.91,96.3
ultra,or,"(0.4, 0.1)",91.92,96.27
ultra,or,"(0.5, 0.1)",91.92,96.26
ultra,or,"(0.1, 0.2)",94.33,95.18
ultra,or,"(0.2, 0.2)",94.66,94.57
ultra,or,"(0.3, 0.2)",94.75,94.34
ultra,or,"(0.1, 0.3)",95.97,94.27
ultra,or,"(0.1, 0.4)",97.01,93.55
ultra,or,"(0.1, 0.5)",97.59,93.07
ultra,or,"(0.1, 0.6)",97.9,92.64
ultra,or,"(0.1, 0.7)",98.09,92.26
ultra,or,"(0.1, 0.8)",98.18,91.92
ultra,or,"(0.2, 0.5)",98.22,91.71
ultra,or,"(0.1, 0.9)",98.23,91.54
ultra,or,"(0.2, 0.6)",98.58,91.12
ultra,or,"(0.2, 0.7)",98.81,90.55
ultra,or,"(0.2, 0.8)",98.92,90.09
ultra,or,"(0.3, 0.7)",99.03,89.68
ultra,or,"(0.4, 0.7)",99.14,89.11
ultra,or,"(0.3, 0.8)",99.16,89.09
ultra,or,"(0.5, 0.7)",99.2,88.67
ultra,or,"(0.4, 0.8)",99.27,88.43
ultra,or,"(0.5, 0.8)",99.35,87.89
ultra,or,"(0.4, 0.9)",99.37,87.6
ultra,or,"(0.6, 0.8)",99.39,87.46
ultra,or,"(0.7, 0.8)",99.42,87.05
ultra,or,"(0.5, 0.9)",99.45,86.94
ultra,or,"(0.6, 0.9)",99.5,86.37
ultra,or,"(0.7, 0.9)",99.54,85.8
ultra,or,"(0.8, 0.9)",99.57,85.21
ultra,or,"(0.9, 0.9)",99.59,84.38
ultra,and,"(0.1, 0.1)",98.52,90.51
ultra,and,"(0.1, 0.2)",98.8,89.78
ultra,and,"(0.1, 0.3)",99.02,88.93
ultra,and,"(0.2, 0.1)",99.12,88.67
ultra,and,"(0.2, 0.2)",99.22,88.23
ultra,and,"(0.2, 0.3)",99.31,87.7
ultra,and,"(0.3, 0.1)",99.36,87.45
ultra,and,"(0.3, 0.2)",99.4,87.18
ultra,and,"(0.3, 0.3)",99.45,86.82
ultra,and,"(0.4, 0.1)",99.5,86.45
ultra,and,"(0.4, 0.2)",99.52,86.28
ultra,and,"(0.4, 0.3)",99.55,85.99
ultra,and,"(0.4, 0.4)",99.57,85.58
ultra,and,"(0.5, 0.1)",99.61,85.54
ultra,and,"(0.5, 0.2)",99.62,85.41
ultra,and,"(0.5, 0.3)",99.63,85.19
ultra,and,"(0.5, 0.4)",99.65,84.85
ultra,and,"(0.6, 0.1)",99.68,84.68
ultra,and,"(0.6, 0.2)",99.68,84.6
ultra,and,"(0.6, 0.3)",99.69,84.4
ultra,and,"(0.6, 0.4)",99.7,84.12
ultra,and,"(0.7, 0.1)",99.74,83.76
ultra,and,"(0.7, 0.2)",99.74,83.69
ultra,and,"(0.7, 0.3)",99.75,83.51
ultra,and,"(0.7, 0.4)",99.75,83.29
ultra,and,"(0.7, 0.5)",99.76,82.95
ultra,and,"(0.8, 0.1)",99.8,82.66
ultra,and,"(0.8, 0.2)",99.8,82.59
ultra,and,"(0.8, 0.3)",99.8,82.43
ultra,and,"(0.8, 0.4)",99.8,82.25
ultra,and,"(0.8, 0.5)",99.81,81.95
ultra,and,"(0.8, 0.6)",99.82,81.44
ultra,and,"(0.9, 0.1)",99.86,80.88
ultra,and,"(0.9, 0.2)",99.86,80.82
ultra,and,"(0.9, 0.3)",99.86,80.7
ultra,and,"(0.9, 0.4)",99.86,80.55
ultra,and,"(0.9, 0.5)",99.86,80.31
ultra,and,"(0.9, 0.6)",99.87,79.87
ultra,and,"(0.9, 0.7)",99.87,79.23
ultra,and,"(0.9, 0.8)",99.88,78.03
ultra,and,"(0.9, 0.9)",99.89,75.26
ultra,mean,"(0.25, 0.1)",92.66,95.97
ultra,mean,"(0.5, 0.1)",93.82,95.43
ultra,mean,"(0.25, 0.15)",94.41,94.7
ultra,mean,"(0.75, 0.1)",96.13,94.28
ultra,mean,"(0.5, 0.2)",97.3,92.75
ultra,mean,"(0.75, 0.15)",97.91,92.49
ultra,mean,"(0.5, 0.25)",98.11,91.7
ultra,mean,"(0.25, 0.35)",98.21,91.04
ultra,mean,"(0.75, 0.2)",98.66,91.02
ultra,mean,"(0.5, 0.35)",98.97,89.92
ultra,mean,"(0.75, 0.25)",99.05,89.63
ultra,mean,"(0.5, 0.4)",99.18,89.1
ultra,mean,"(0.75, 0.3)",99.24,88.49
ultra,mean,"(0.5, 0.45)",99.31,88.16
ultra,mean,"(0.75, 0.35)",99.35,87.73
ultra,mean,"(0.75, 0.4)",99.44,87.14
ultra,mean,"(0.5, 0.5)",99.45,87.12
ultra,mean,"(0.75, 0.45)",99.51,86.57
ultra,mean,"(0.5, 0.55)",99.53,86.27
ultra,mean,"(0.75, 0.5)",99.56,86.06
ultra,mean,"(0.75, 0.55)",99.61,85.54
ultra,mean,"(0.75, 0.6)",99.66,85.03
ultra,mean,"(0.75, 0.65)",99.69,84.52
ultra,mean,"(0.5, 0.7)",99.69,83.96
ultra,mean,"(0.75, 0.7)",99.73,83.93
ultra,mean,"(0.75, 0.75)",99.76,83.31
ultra,mean,"(0.75, 0.8)",99.79,82.48
ultra,mean,"(0.75, 0.85)",99.83,81.38
ultra,mean,"(0.75, 0.9)",99.86,79.61
ultra,max,"(0.1,)",91.75,96.66
ultra,max,"(0.15,)",93.44,95.47
ultra,max,"(0.2,)",94.66,94.57
ultra,max,"(0.25,)",95.73,93.73
ultra,max,"(0.3,)",96.57,92.95
ultra,max,"(0.35,)",97.26,92.23
ultra,max,"(0.4,)",97.8,91.57
ultra,max,"(0.45,)",98.2,91.04
ultra,max,"(0.5,)",98.54,90.48
ultra,max,"(0.55,)",98.78,89.9
ultra,max,"(0.6,)",98.96,89.29
ultra,max,"(0.65,)",99.11,88.66
ultra,max,"(0.7,)",99.25,88.03
ultra,max,"(0.75,)",99.33,87.39
ultra,max,"(0.8,)",99.44,86.62
ultra,max,"(0.85,)",99.51,85.7
ultra,max,"(0.9,)",99.59,84.38
ultra,two,"(0.3, 0.3, 48.0, 32.0, 60.0)",98.3,92.39
ultra,two,"(0.3, 0.3, 48.0, 32.0, 30.0)",98.32,92.37
ultra,two,"(0.3, 0.3, 48.0, 32.0, 15.0)",98.33,92.37
ultra,two,"(0.3, 0.3, 32.0, 32.0, 60.0)",98.36,92.36
ultra,two,"(0.3, 0.3, 48.0, 16.0, 60.0)",98.39,92.34
ultra,two,"(0.3, 0.3, 32.0, 32.0, 0.0)",98.39,92.32
ultra,two,"(0.3, 0.3, 32.0, 16.0, 60.0)",98.46,92.31
ultra,two,"(0.3, 0.3, 32.0, 16.0, 30.0)",98.48,92.25
ultra,two,"(0.3, 0.3, 32.0, 16.0, 0.0)",98.49,92.24
ultra,two,"(0.3, 0.3, 48.0, 8.0, 60.0)",98.5,92.18
ultra,two,"(0.3, 0.3, 16.0, 16.0, 60.0)",98.53,92.15
ultra,two,"(0.3, 0.3, 32.0, 8.0, 60.0)",98.57,92.14
ultra,two,"(0.3, 0.3, 32.0, 8.0, 30.0)",98.6,92.04
ultra,two,"(0.3, 0.3, 32.0, 8.0, 0.0)",98.6,92.01
ultra,two,"(0.3, 0.3, 16.0, 8.0, 60.0)",98.65,91.98
ultra,two,"(0.3, 0.3, 16.0, 8.0, 30.0)",98.68,91.84
ultra,two,"(0.3, 0.3, 16.0, 8.0, 15.0)",98.68,91.78
ultra,two,"(0.5, 0.3, 16.0, 16.0, 60.0)",98.7,91.66
ultra,two,"(0.5, 0.3, 16.0, 16.0, 30.0)",98.72,91.52
ultra,two,"(0.5, 0.3, 48.0, 8.0, 60.0)",98.73,91.51
ultra,two,"(0.3, 0.3, 8.0, 8.0, 60.0)",98.79,91.48
ultra,two,"(0.5, 0.3, 32.0, 8.0, 60.0)",98.79,91.45
ultra,two,"(0.5, 0.3, 32.0, 8.0, 30.0)",98.8,91.32
ultra,two,"(0.5, 0.3, 16.0, 8.0, 60.0)",98.86,91.28
ultra,two,"(0.5, 0.3, 16.0, 8.0, 30.0)",98.88,91.07
ultra,two,"(0.5, 0.3, 16.0, 8.0, 15.0)",98.89,90.99
ultra,two,"(0.3, 0.3, 16.0, 0.0, 60.0)",98.94,90.98
ultra,two,"(0.3, 0.3, 16.0, 0.0, 30.0)",98.96,90.78
ultra,two,"(0.5, 0.3, 8.0, 8.0, 60.0)",99.01,90.64
ultra,two,"(0.3, 0.3, 8.0, 0.0, 60.0)",99.08,90.51
ultra,two,"(0.3, 0.3, 8.0, 0.0, 30.0)",99.1,90.12
ultra,two,"(0.5, 0.3, 32.0, 0.0, 60.0)",99.12,90.05
ultra,two,"(0.7, 0.3, 8.0, 8.0, 60.0)",99.14,89.92
ultra,two,"(0.5, 0.3, 16.0, 0.0, 60.0)",99.21,89.85
ultra,two,"(0.5, 0.3, 16.0, 0.0, 30.0)",99.23,89.51
ultra,two,"(0.5, 0.3, 8.0, 0.0, 60.0)",99.36,89.35
ultra,two,"(0.5, 0.3, 8.0, 0.0, 30.0)",99.38,88.73
ultra,two,"(0.7, 0.3, 8.0, 0.0, 60.0)",99.51,88.48
ultra,two,"(0.5, 0.3, 0.0, 0.0, 60.0)",99.6,88.39
ultra,two,"(0.7, 0.3, 0.0, 0.0, 60.0)",99.72,87.54
ultra,two,"(0.7, 0.5, 0.0, 0.0, 60.0)",99.74,86.07
ultra,two,"(0.7, 0.3, 0.0, 0.0, 30.0)",99.74,85.13
ultra,lr6_oof,thr=0.10,84.63,99.84
ultra,lr6_oof,thr=0.15,85.91,99.48
ultra,lr6_oof,thr=0.20,87.46,99.0
ultra,lr6_oof,thr=0.25,89.17,98.48
ultra,lr6_oof,thr=0.30,90.88,97.93
ultra,lr6_oof,thr=0.35,92.4,97.34
ultra,lr6_oof,thr=0.40,93.79,96.71
ultra,lr6_oof,thr=0.45,94.96,96.07
ultra,lr6_oof,thr=0.50,95.93,95.36
ultra,lr6_oof,thr=0.55,96.75,94.68
ultra,lr6_oof,thr=0.60,97.44,93.93
ultra,lr6_oof,thr=0.65,98.0,93.13
ultra,lr6_oof,thr=0.70,98.44,92.3
ultra,lr6_oof,thr=0.75,98.79,91.38
ultra,lr6_oof,thr=0.80,99.08,90.29
ultra,lr6_oof,thr=0.85,99.31,89.03
ultra,lr6_oof,thr=0.90,99.53,87.43
ultra,hgb6_oof,thr=0.10,84.13,99.99
ultra,hgb6_oof,thr=0.15,86.31,99.68
ultra,hgb6_oof,thr=0.20,89.79,98.93
ultra,hgb6_oof,thr=0.25,91.97,98.3
ultra,hgb6_oof,thr=0.30,93.7,97.7
ultra,hgb6_oof,thr=0.35,94.9,97.07
ultra,hgb6_oof,thr=0.40,95.74,96.65
ultra,hgb6_oof,thr=0.45,96.26,96.24
ultra,hgb6_oof,thr=0.50,96.72,95.83
ultra,hgb6_oof,thr=0.55,97.1,95.33
ultra,hgb6_oof,thr=0.60,97.42,94.84
ultra,hgb6_oof,thr=0.65,97.74,94.33
ultra,hgb6_oof,thr=0.70,98.06,93.73
ultra,hgb6_oof,thr=0.75,98.44,92.78
ultra,hgb6_oof,thr=0.80,98.81,91.65
ultra,hgb6_oof,thr=0.85,99.15,90.39
ultra,hgb6_oof,thr=0.90,99.43,88.99
ultra,lr6nz_oof,thr=0.10,85.49,99.47
ultra,lr6nz_oof,thr=0.15,86.93,99.04
ultra,lr6nz_oof,thr=0.20,88.61,98.51
ultra,lr6nz_oof,thr=0.25,90.39,97.87
ultra,lr6nz_oof,thr=0.30,92.06,97.27
ultra,lr6nz_oof,thr=0.35,93.52,96.63
ultra,lr6nz_oof,thr=0.40,94.76,96.0
ultra,lr6nz_oof,thr=0.45,95.78,95.33
ultra,lr6nz_oof,thr=0.50,96.61,94.66
ultra,lr6nz_oof,thr=0.55,97.3,94.03
ultra,lr6nz_oof,thr=0.60,97.82,93.3
ultra,lr6nz_oof,thr=0.65,98.21,92.59
ultra,lr6nz_oof,thr=0.70,98.52,91.81
ultra,lr6nz_oof,thr=0.75,98.81,90.97
ultra,lr6nz_oof,thr=0.80,99.07,90.01
ultra,lr6nz_oof,thr=0.85,99.29,88.88
ultra,lr6nz_oof,thr=0.90,99.5,87.48
redux,silero,"(0.1,)",98.29,91.05
redux,silero,"(0.15,)",98.82,89.76
redux,silero,"(0.2,)",99.07,88.84
redux,silero,"(0.25,)",99.24,88.14
redux,silero,"(0.3,)",99.34,87.54
redux,silero,"(0.35,)",99.43,86.98
redux,silero,"(0.4,)",99.5,86.49
redux,silero,"(0.45,)",99.56,86.02
redux,silero,"(0.5,)",99.61,85.56
redux,silero,"(0.55,)",99.64,85.13
redux,silero,"(0.6,)",99.68,84.71
redux,silero,"(0.65,)",99.71,84.25
redux,silero,"(0.7,)",99.74,83.78
redux,silero,"(0.75,)",99.76,83.28
redux,silero,"(0.8,)",99.8,82.68
redux,silero,"(0.85,)",99.83,81.97
redux,silero,"(0.9,)",99.86,80.88
redux,head,"(0.1,)",89.05,97.92
redux,head,"(0.15,)",90.17,97.26
redux,head,"(0.2,)",91.33,96.64
redux,head,"(0.25,)",92.49,96.04
redux,head,"(0.3,)",93.63,95.26
redux,head,"(0.35,)",94.82,94.45
redux,head,"(0.4,)",95.86,93.64
redux,head,"(0.45,)",96.85,92.81
redux,head,"(0.5,)",97.58,92.05
redux,head,"(0.55,)",98.16,91.33
redux,head,"(0.6,)",98.63,90.72
redux,head,"(0.65,)",98.93,90.08
redux,head,"(0.7,)",99.08,89.48
redux,head,"(0.75,)",99.22,88.79
redux,head,"(0.8,)",99.32,88.02
redux,head,"(0.85,)",99.43,87.1
redux,head,"(0.9,)",99.56,85.84
redux,or,"(0.1, 0.1)",89.02,98.05
redux,or,"(0.2, 0.1)",89.05,97.95
redux,or,"(0.3, 0.1)",89.05,97.93
redux,or,"(0.4, 0.1)",89.05,97.93
redux,or,"(0.5, 0.1)",89.05,97.93
redux,or,"(0.1, 0.2)",91.14,96.97
redux,or,"(0.2, 0.2)",91.29,96.73
redux,or,"(0.3, 0.2)",91.32,96.68
redux,or,"(0.4, 0.2)",91.33,96.66
redux,or,"(0.5, 0.2)",91.33,96.65
redux,or,"(0.1, 0.3)",93.25,95.91
redux,or,"(0.2, 0.3)",93.53,95.48
redux,or,"(0.3, 0.3)",93.6,95.35
redux,or,"(0.4, 0.3)",93.62,95.3
redux,or,"(0.5, 0.3)",93.63,95.27
redux,or,"(0.6, 0.3)",93.63,95.27
redux,or,"(0.7, 0.3)",93.63,95.26
redux,or,"(0.8, 0.3)",93.63,95.26
redux,or,"(0.9, 0.3)",93.63,95.26
redux,or,"(0.1, 0.4)",95.3,94.8
redux,or,"(0.2, 0.4)",95.72,94.09
redux,or,"(0.3, 0.4)",95.81,93.84
redux,or,"(0.1, 0.5)",96.8,93.76
redux,or,"(0.1, 0.6)",97.71,93.04
redux,or,"(0.1, 0.7)",98.05,92.53
redux,or,"(0.1, 0.8)",98.17,92.1
redux,or,"(0.2, 0.6)",98.35,91.77
redux,or,"(0.3, 0.6)",98.52,91.27
redux,or,"(0.2, 0.7)",98.73,91.04
redux,or,"(0.2, 0.8)",98.89,90.42
redux,or,"(0.3, 0.7)",98.93,90.37
redux,or,"(0.4, 0.7)",99.01,90.02
redux,or,"(0.5, 0.7)",99.05,89.81
redux,or,"(0.6, 0.7)",99.06,89.69
redux,or,"(0.7, 0.7)",99.07,89.62
redux,or,"(0.8, 0.7)",99.08,89.58
redux,or,"(0.9, 0.7)",99.08,89.54
redux,or,"(0.3, 0.8)",99.11,89.54
redux,or,"(0.4, 0.8)",99.21,89.04
redux,or,"(0.3, 0.9)",99.24,88.77
redux,or,"(0.5, 0.8)",99.26,88.71
redux,or,"(0.6, 0.8)",99.29,88.49
redux,or,"(0.7, 0.8)",99.3,88.35
redux,or,"(0.8, 0.8)",99.31,88.25
redux,or,"(0.9, 0.8)",99.31,88.18
redux,or,"(0.4, 0.9)",99.37,88.07
redux,or,"(0.5, 0.9)",99.44,87.56
redux,or,"(0.6, 0.9)",99.48,87.15
redux,or,"(0.7, 0.9)",99.51,86.84
redux,or,"(0.8, 0.9)",99.53,86.61
redux,or,"(0.9, 0.9)",99.55,86.39
redux,and,"(0.1, 0.1)",98.36,90.88
redux,and,"(0.1, 0.2)",98.54,90.59
redux,and,"(0.1, 0.3)",98.73,90.2
redux,and,"(0.1, 0.4)",98.91,89.64
redux,and,"(0.1, 0.5)",99.1,89.15
redux,and,"(0.2, 0.2)",99.13,88.67
redux,and,"(0.1, 0.6)",99.25,88.54
redux,and,"(0.2, 0.5)",99.31,87.98
redux,and,"(0.1, 0.7)",99.36,87.84
redux,and,"(0.2, 0.6)",99.37,87.59
redux,and,"(0.3, 0.3)",99.38,87.4
redux,and,"(0.3, 0.4)",99.4,87.26
redux,and,"(0.3, 0.5)",99.43,87.12
redux,and,"(0.2, 0.7)",99.43,87.07
redux,and,"(0.1, 0.8)",99.45,86.87
redux,and,"(0.3, 0.6)",99.46,86.87
redux,and,"(0.4, 0.1)",99.5,86.48
redux,and,"(0.3, 0.7)",99.5,86.47
redux,and,"(0.4, 0.2)",99.5,86.47
redux,and,"(0.4, 0.3)",99.51,86.44
redux,and,"(0.4, 0.4)",99.52,86.38
redux,and,"(0.4, 0.5)",99.53,86.29
redux,and,"(0.4, 0.6)",99.55,86.12
redux,and,"(0.3, 0.8)",99.56,85.86
redux,and,"(0.4, 0.7)",99.57,85.85
redux,and,"(0.5, 0.1)",99.61,85.56
redux,and,"(0.5, 0.2)",99.61,85.55
redux,and,"(0.5, 0.3)",99.61,85.53
redux,and,"(0.5, 0.4)",99.61,85.5
redux,and,"(0.5, 0.5)",99.62,85.46
redux,and,"(0.5, 0.6)",99.63,85.36
redux,and,"(0.5, 0.7)",99.64,85.16
redux,and,"(0.2, 0.9)",99.64,84.84
redux,and,"(0.5, 0.8)",99.67,84.79
redux,and,"(0.6, 0.1)",99.68,84.7
redux,and,"(0.6, 0.2)",99.68,84.7
redux,and,"(0.6, 0.3)",99.68,84.69
redux,and,"(0.6, 0.4)",99.68,84.67
redux,and,"(0.6, 0.5)",99.68,84.65
redux,and,"(0.6, 0.6)",99.69,84.58
redux,and,"(0.6, 0.7)",99.69,84.44
redux,and,"(0.6, 0.8)",99.71,84.15
redux,and,"(0.5, 0.9)",99.73,83.81
redux,and,"(0.7, 0.1)",99.74,83.78
redux,and,"(0.7, 0.2)",99.74,83.78
redux,and,"(0.7, 0.3)",99.74,83.78
redux,and,"(0.7, 0.4)",99.74,83.76
redux,and,"(0.7, 0.5)",99.74,83.75
redux,and,"(0.7, 0.6)",99.74,83.71
redux,and,"(0.7, 0.7)",99.74,83.61
redux,and,"(0.7, 0.8)",99.76,83.4
redux,and,"(0.7, 0.9)",99.78,82.69
redux,and,"(0.8, 0.1)",99.8,82.68
redux,and,"(0.8, 0.2)",99.8,82.67
redux,and,"(0.8, 0.3)",99.8,82.67
redux,and,"(0.8, 0.4)",99.8,82.66
redux,and,"(0.8, 0.5)",99.8,82.66
redux,and,"(0.8, 0.6)",99.8,82.63
redux,and,"(0.8, 0.7)",99.8,82.56
redux,and,"(0.8, 0.8)",99.81,82.41
redux,and,"(0.8, 0.9)",99.82,81.84
redux,and,"(0.9, 0.1)",99.86,80.88
redux,and,"(0.9, 0.3)",99.86,80.88
redux,and,"(0.9, 0.4)",99.86,80.87
redux,and,"(0.9, 0.5)",99.86,80.87
redux,and,"(0.9, 0.7)",99.86,80.81
redux,and,"(0.9, 0.8)",99.86,80.71
redux,and,"(0.9, 0.9)",99.87,80.27
redux,mean,"(0.25, 0.1)",89.55,97.7
redux,mean,"(0.5, 0.1)",90.61,97.22
redux,mean,"(0.25, 0.15)",91.05,96.88
redux,mean,"(0.25, 0.2)",92.59,96.09
redux,mean,"(0.5, 0.15)",92.83,96.06
redux,mean,"(0.75, 0.1)",93.73,95.89
redux,mean,"(0.25, 0.25)",94.15,95.09
redux,mean,"(0.5, 0.2)",95.1,94.74
redux,mean,"(0.25, 0.3)",95.62,94.06
redux,mean,"(0.75, 0.15)",97.11,93.64
redux,mean,"(0.25, 0.4)",97.77,92.07
redux,mean,"(0.5, 0.3)",98.12,92.04
redux,mean,"(0.75, 0.2)",98.46,91.79
redux,mean,"(0.25, 0.45)",98.48,91.26
redux,mean,"(0.5, 0.35)",98.75,91.05
redux,mean,"(0.25, 0.5)",98.87,90.56
redux,mean,"(0.75, 0.25)",98.94,90.3
redux,mean,"(0.5, 0.4)",99.04,90.17
redux,mean,"(0.25, 0.55)",99.05,89.88
redux,mean,"(0.5, 0.45)",99.2,89.27
redux,mean,"(0.25, 0.65)",99.32,88.36
redux,mean,"(0.5, 0.5)",99.34,88.2
redux,mean,"(0.75, 0.4)",99.38,87.57
redux,mean,"(0.25, 0.7)",99.43,87.52
redux,mean,"(0.5, 0.55)",99.44,87.26
redux,mean,"(0.75, 0.45)",99.46,86.98
redux,mean,"(0.5, 0.6)",99.52,86.56
redux,mean,"(0.75, 0.5)",99.52,86.43
redux,mean,"(0.25, 0.75)",99.55,86.39
redux,mean,"(0.5, 0.65)",99.58,85.94
redux,mean,"(0.75, 0.6)",99.63,85.4
redux,mean,"(0.5, 0.7)",99.64,85.31
redux,mean,"(0.75, 0.65)",99.67,84.92
redux,mean,"(0.5, 0.75)",99.69,84.65
redux,mean,"(0.75, 0.7)",99.7,84.38
redux,mean,"(0.25, 0.85)",99.71,84.23
redux,mean,"(0.5, 0.8)",99.74,83.88
redux,mean,"(0.75, 0.75)",99.74,83.82
redux,mean,"(0.75, 0.8)",99.77,83.18
redux,mean,"(0.5, 0.85)",99.78,83.03
redux,mean,"(0.25, 0.9)",99.78,82.8
redux,mean,"(0.75, 0.85)",99.81,82.4
redux,mean,"(0.5, 0.9)",99.83,81.87
redux,mean,"(0.75, 0.9)",99.85,81.32
redux,max,"(0.1,)",89.02,98.05
redux,max,"(0.15,)",90.14,97.36
redux,max,"(0.2,)",91.29,96.73
redux,max,"(0.25,)",92.45,96.14
redux,max,"(0.3,)",93.6,95.35
redux,max,"(0.35,)",94.8,94.54
redux,max,"(0.4,)",95.84,93.73
redux,max,"(0.45,)",96.84,92.9
redux,max,"(0.5,)",97.56,92.12
redux,max,"(0.55,)",98.15,91.42
redux,max,"(0.6,)",98.63,90.83
redux,max,"(0.65,)",98.92,90.21
redux,max,"(0.7,)",99.07,89.62
redux,max,"(0.75,)",99.21,88.97
redux,max,"(0.8,)",99.31,88.25
redux,max,"(0.85,)",99.42,87.44
redux,max,"(0.9,)",99.55,86.39
redux,two,"(0.3, 0.3, 48.0, 32.0, 60.0)",97.42,94.27
redux,two,"(0.3, 0.3, 48.0, 32.0, 30.0)",97.57,94.18
redux,two,"(0.3, 0.3, 32.0, 32.0, 60.0)",97.61,94.16
redux,two,"(0.5, 0.3, 48.0, 32.0, 60.0)",97.63,94.09
redux,two,"(0.3, 0.3, 32.0, 32.0, 30.0)",97.74,94.05
redux,two,"(0.3, 0.3, 48.0, 16.0, 60.0)",97.8,94.05
redux,two,"(0.5, 0.3, 32.0, 32.0, 60.0)",97.82,93.97
redux,two,"(0.3, 0.3, 32.0, 16.0, 60.0)",97.99,93.94
redux,two,"(0.5, 0.3, 48.0, 16.0, 60.0)",98.01,93.77
redux,two,"(0.3, 0.3, 32.0, 16.0, 30.0)",98.08,93.75
redux,two,"(0.3, 0.3, 32.0, 16.0, 0.0)",98.08,93.7
redux,two,"(0.5, 0.3, 32.0, 16.0, 60.0)",98.2,93.64
redux,two,"(0.3, 0.3, 32.0, 8.0, 60.0)",98.23,93.58
redux,two,"(0.5, 0.3, 32.0, 16.0, 30.0)",98.28,93.38
redux,two,"(0.7, 0.3, 32.0, 16.0, 60.0)",98.33,93.34
redux,two,"(0.5, 0.3, 16.0, 16.0, 60.0)",98.4,93.3
redux,two,"(0.3, 0.3, 16.0, 8.0, 60.0)",98.43,93.27
redux,two,"(0.5, 0.3, 32.0, 8.0, 60.0)",98.51,92.98
redux,two,"(0.7, 0.3, 16.0, 16.0, 60.0)",98.52,92.92
redux,two,"(0.5, 0.3, 8.0, 16.0, 60.0)",98.58,92.7
redux,two,"(0.3, 0.3, 8.0, 8.0, 60.0)",98.61,92.69
redux,two,"(0.5, 0.3, 16.0, 8.0, 60.0)",98.7,92.63
redux,two,"(0.7, 0.3, 32.0, 8.0, 60.0)",98.71,92.37
redux,two,"(0.3, 0.3, 16.0, 0.0, 60.0)",98.86,92.07
redux,two,"(0.7, 0.3, 16.0, 8.0, 60.0)",98.89,91.96
redux,two,"(0.5, 0.3, 32.0, 0.0, 60.0)",98.97,91.57
redux,two,"(0.3, 0.3, 8.0, 0.0, 60.0)",99.04,91.5
redux,two,"(0.5, 0.3, 16.0, 0.0, 60.0)",99.16,91.17
redux,two,"(0.5, 0.3, 8.0, 0.0, 60.0)",99.33,90.5
redux,two,"(0.7, 0.3, 8.0, 0.0, 60.0)",99.49,89.7
redux,two,"(0.5, 0.3, 0.0, 0.0, 60.0)",99.57,89.55
redux,two,"(0.7, 0.3, 0.0, 0.0, 60.0)",99.69,88.71
redux,two,"(0.7, 0.5, 0.0, 0.0, 60.0)",99.75,87.2
redux,lr6_oof,thr=0.10,85.56,99.76
redux,lr6_oof,thr=0.15,86.68,99.48
redux,lr6_oof,thr=0.20,87.82,99.16
redux,lr6_oof,thr=0.25,89.23,98.72
redux,lr6_oof,thr=0.30,90.63,98.19
redux,lr6_oof,thr=0.35,92.19,97.65
redux,lr6_oof,thr=0.40,93.66,97.07
redux,lr6_oof,thr=0.45,95.0,96.42
redux,lr6_oof,thr=0.50,96.14,95.72
redux,lr6_oof,thr=0.55,97.03,95.01
redux,lr6_oof,thr=0.60,97.71,94.28
redux,lr6_oof,thr=0.65,98.17,93.52
redux,lr6_oof,thr=0.70,98.55,92.7
redux,lr6_oof,thr=0.75,98.84,91.75
redux,lr6_oof,thr=0.80,99.09,90.69
redux,lr6_oof,thr=0.85,99.35,89.39
redux,lr6_oof,thr=0.90,99.58,87.68
redux,hgb6_oof,thr=0.10,84.83,99.95
redux,hgb6_oof,thr=0.15,85.95,99.79
redux,hgb6_oof,thr=0.20,89.35,99.02
redux,hgb6_oof,thr=0.25,92.08,98.18
redux,hgb6_oof,thr=0.30,93.68,97.58
redux,hgb6_oof,thr=0.35,95.01,96.94
redux,hgb6_oof,thr=0.40,95.98,96.39
redux,hgb6_oof,thr=0.45,96.56,95.96
redux,hgb6_oof,thr=0.50,96.98,95.61
redux,hgb6_oof,thr=0.55,97.34,95.22
redux,hgb6_oof,thr=0.60,97.66,94.82
redux,hgb6_oof,thr=0.65,97.92,94.41
redux,hgb6_oof,thr=0.70,98.18,93.86
redux,hgb6_oof,thr=0.75,98.49,93.2
redux,hgb6_oof,thr=0.80,98.84,92.17
redux,hgb6_oof,thr=0.85,99.17,90.9
redux,hgb6_oof,thr=0.90,99.48,89.45
redux,lr6nz_oof,thr=0.10,85.96,99.43
redux,lr6nz_oof,thr=0.15,87.6,98.98
redux,lr6nz_oof,thr=0.20,89.65,98.41
redux,lr6nz_oof,thr=0.25,91.45,97.84
redux,lr6nz_oof,thr=0.30,93.03,97.3
redux,lr6nz_oof,thr=0.35,94.36,96.7
redux,lr6nz_oof,thr=0.40,95.39,96.1
redux,lr6nz_oof,thr=0.45,96.21,95.48
redux,lr6nz_oof,thr=0.50,96.9,94.9
redux,lr6nz_oof,thr=0.55,97.46,94.29
redux,lr6nz_oof,thr=0.60,97.88,93.68
redux,lr6nz_oof,thr=0.65,98.24,93.04
redux,lr6nz_oof,thr=0.70,98.53,92.33
redux,lr6nz_oof,thr=0.75,98.78,91.57
redux,lr6nz_oof,thr=0.80,99.04,90.62
redux,lr6nz_oof,thr=0.85,99.26,89.52
redux,lr6nz_oof,thr=0.90,99.49,88.1
