BillGates	ultra-q8_0	1	base	45.96 2053092	69a20c09ad148e2f	rc0	load_before 2.49 7.32 11.31	load_after 5.57 7.42 11.15
BillGates	ultra-q8_0	1	b0	43.41 2053224	69a20c09ad148e2f	rc0	load_before 3.67 6.67 10.72	load_after 7.06 7.16 10.69
BillGates	ultra-q8_0	1	b1	41.24 2087760	69a20c09ad148e2f	rc0	load_before 6.29 6.99 10.60	load_after 8.94 7.57 10.64
BillGates	ultra-q8_0	2	b0	43.74 2053060	69a20c09ad148e2f	rc0	load_before 8.03 7.42 10.56	load_after 9.07 7.77 10.53
BillGates	ultra-q8_0	2	b1	39.54 2087804	69a20c09ad148e2f	rc0	load_before 8.06 7.60 10.44	load_after 8.73 7.80 10.38
BillGates	ultra-q8_0	2	base	44.17 2053448	69a20c09ad148e2f	rc0	load_before 7.70 7.61 10.29	load_after 8.72 7.90 10.26
BillGates	ultra-q8_0	3	b1	40.81 2088132	69a20c09ad148e2f	rc0	load_before 7.69 7.70 10.17	load_after 8.26 7.80 10.10
BillGates	ultra-q8_0	3	base	44.72 2053220	69a20c09ad148e2f	rc0	load_before 7.22 7.59 10.00	load_after 7.93 7.70 9.92
BillGates	ultra-q8_0	3	b0	44.35 2053268	69a20c09ad148e2f	rc0	load_before 6.86 7.48 9.83	load_after 8.50 7.82 9.83
BillGates	ultra-q8_0	4	base	43.47 2053460	69a20c09ad148e2f	rc0	load_before 7.81 7.70 9.77	load_after 9.20 8.10 9.81
BillGates	ultra-q8_0	4	b0	43.73 2053512	69a20c09ad148e2f	rc0	load_before 7.94 7.86 9.71	load_after 8.62 8.03 9.69
BillGates	ultra-q8_0	4	b1	40.77 2087232	69a20c09ad148e2f	rc0	load_before 7.59 7.83 9.60	load_after 7.63 7.77 9.50
BillGates	ultra-q8_0	5	b0	43.56 2053400	69a20c09ad148e2f	rc0	load_before 6.69 7.56 9.41	load_after 8.26 7.84 9.43
BillGates	ultra-q8_0	5	b1	42.99 2088048	69a20c09ad148e2f	rc0	load_before 7.15 7.62 9.34	load_after 7.83 7.71 9.28
BillGates	ultra-q8_0	5	base	43.58 2053220	69a20c09ad148e2f	rc0	load_before 6.78 7.49 9.19	load_after 8.19 7.74 9.20
BillGates	redux-keep	1	base	28.11 1514576	7b7ee8115e0d94db	rc0	load_before 7.24 7.55 9.12	load_after 8.16 7.75 9.14
BillGates	redux-keep	1	b0	28.55 1514820	7b7ee8115e0d94db	rc0	load_before 7.81 7.69 9.11	load_after 8.47 7.84 9.11
BillGates	redux-keep	1	b1	25.00 1547740	7b7ee8115e0d94db	rc0	load_before 7.48 7.64 9.03	load_after 7.84 7.71 9.02
BillGates	redux-keep	2	b0	27.74 1514676	7b7ee8115e0d94db	rc0	load_before 6.94 7.52 8.94	load_after 8.15 7.76 8.98
BillGates	redux-keep	2	b1	26.02 1548692	7b7ee8115e0d94db	rc0	load_before 7.20 7.57 8.90	load_after 7.90 7.69 8.91
BillGates	redux-keep	2	base	27.32 1514580	7b7ee8115e0d94db	rc0	load_before 7.07 7.52 8.84	load_after 8.71 7.88 8.92
BillGates	redux-keep	3	b1	25.00 1547820	7b7ee8115e0d94db	rc0	load_before 7.76 7.70 8.85	load_after 8.12 7.78 8.84
BillGates	redux-keep	3	base	27.43 1514780	7b7ee8115e0d94db	rc0	load_before 7.10 7.57 8.76	load_after 7.81 7.69 8.77
BillGates	redux-keep	3	b0	27.13 1515028	7b7ee8115e0d94db	rc0	load_before 7.73 7.68 8.76	load_after 8.60 7.90 8.80
BillGates	redux-keep	4	base	28.26 1514612	7b7ee8115e0d94db	rc0	load_before 7.58 7.71 8.72	load_after 9.13 8.06 8.81
BillGates	redux-keep	4	b0	27.50 1514728	7b7ee8115e0d94db	rc0	load_before 8.04 7.86 8.74	load_after 8.25 7.92 8.73
BillGates	redux-keep	4	b1	25.90 1546044	7b7ee8115e0d94db	rc0	load_before 7.30 7.72 8.66	load_after 7.47 7.73 8.64
BillGates	redux-keep	5	b0	28.09 1514744	7b7ee8115e0d94db	rc0	load_before 6.71 7.56 8.57	load_after 7.70 7.70 8.58
BillGates	redux-keep	5	b1	26.51 1548476	7b7ee8115e0d94db	rc0	load_before 6.74 7.50 8.51	load_after 7.57 7.62 8.52
BillGates	redux-keep	5	base	28.25 1514496	7b7ee8115e0d94db	rc0	load_before 6.71 7.44 8.45	load_after 7.11 7.46 8.43
AimeeMullins	ultra-q8_0	1	base	36.12 2005520	bc4bf944d41e6aca	rc0	load_before 6.47 7.31 8.37	load_after 7.75 7.52 8.40
AimeeMullins	ultra-q8_0	1	b0	36.72 2005432	bc4bf944d41e6aca	rc0	load_before 7.66 7.51 8.38	load_after 8.74 7.77 8.44
AimeeMullins	ultra-q8_0	1	b1	34.58 2040184	bc4bf944d41e6aca	rc0	load_before 7.79 7.60 8.38	load_after 8.60 7.79 8.41
AimeeMullins	ultra-q8_0	2	b0	36.17 2005260	bc4bf944d41e6aca	rc0	load_before 7.51 7.59 8.34	load_after 8.07 7.76 8.37
AimeeMullins	ultra-q8_0	2	b1	34.83 2040348	bc4bf944d41e6aca	rc0	load_before 7.06 7.55 8.29	load_after 8.62 7.84 8.36
AimeeMullins	ultra-q8_0	2	base	36.74 2005544	bc4bf944d41e6aca	rc0	load_before 7.76 7.68 8.30	load_after 8.62 7.88 8.34
AimeeMullins	ultra-q8_0	3	b1	34.47 2040380	bc4bf944d41e6aca	rc0	load_before 7.69 7.70 8.28	load_after 8.55 7.92 8.33
AimeeMullins	ultra-q8_0	3	base	38.42 2005180	bc4bf944d41e6aca	rc0	load_before 7.46 7.71 8.26	load_after 8.71 8.00 8.34
AimeeMullins	ultra-q8_0	3	b0	40.66 2005176	bc4bf944d41e6aca	rc0	load_before 7.83 7.84 8.28	load_after 8.99 8.11 8.35
AimeeMullins	ultra-q8_0	4	base	44.01 2005284	bc4bf944d41e6aca	rc0	load_before 7.91 7.91 8.28	load_after 9.98 8.43 8.44
AimeeMullins	ultra-q8_0	4	b0	36.86 2005304	bc4bf944d41e6aca	rc0	load_before 8.83 8.24 8.38	load_after 9.46 8.44 8.44
AimeeMullins	ultra-q8_0	4	b1	35.10 2040732	bc4bf944d41e6aca	rc0	load_before 8.39 8.24 8.38	load_after 8.98 8.41 8.43
AimeeMullins	ultra-q8_0	5	b0	37.64 2005480	bc4bf944d41e6aca	rc0	load_before 7.83 8.18 8.35	load_after 8.86 8.41 8.42
AimeeMullins	ultra-q8_0	5	b1	36.13 2040572	bc4bf944d41e6aca	rc0	load_before 8.11 8.26 8.37	load_after 9.07 8.48 8.44
AimeeMullins	ultra-q8_0	5	base	36.91 2005372	bc4bf944d41e6aca	rc0	load_before 8.05 8.28 8.38	load_after 8.74 8.42 8.42
AimeeMullins	redux-keep	1	base	23.40 1466388	0713636b1d7ffa09	rc0	load_before 7.70 8.21 8.35	load_after 8.65 8.39 8.41
AimeeMullins	redux-keep	1	b0	23.82 1466736	0713636b1d7ffa09	rc0	load_before 7.47 8.14 8.33	load_after 8.55 8.34 8.39
AimeeMullins	redux-keep	1	b1	21.84 1502588	0713636b1d7ffa09	rc0	load_before 8.02 8.23 8.35	load_after 8.94 8.43 8.42
AimeeMullins	redux-keep	2	b0	23.67 1466420	0713636b1d7ffa09	rc0	load_before 8.18 8.28 8.37	load_after 8.00 8.23 8.35
AimeeMullins	redux-keep	2	b1	22.31 1502592	0713636b1d7ffa09	rc0	load_before 7.16 8.04 8.29	load_after 7.60 8.07 8.29
AimeeMullins	redux-keep	2	base	23.41 1466976	0713636b1d7ffa09	rc0	load_before 6.58 7.84 8.21	load_after 7.28 7.89 8.22
AimeeMullins	redux-keep	3	b1	21.89 1503932	0713636b1d7ffa09	rc0	load_before 6.54 7.71 8.16	load_after 7.19 7.76 8.16
AimeeMullins	redux-keep	3	base	23.51 1466476	0713636b1d7ffa09	rc0	load_before 6.63 7.62 8.11	load_after 7.59 7.77 8.15
AimeeMullins	redux-keep	3	b0	23.63 1466228	0713636b1d7ffa09	rc0	load_before 6.73 7.58 8.08	load_after 8.07 7.81 8.15
AimeeMullins	redux-keep	4	base	22.96 1466516	0713636b1d7ffa09	rc0	load_before 6.98 7.59 8.07	load_after 8.06 7.80 8.13
AimeeMullins	redux-keep	4	b0	22.94 1466748	0713636b1d7ffa09	rc0	load_before 7.13 7.61 8.06	load_after 8.03 7.78 8.11
AimeeMullins	redux-keep	4	b1	21.93 1502564	0713636b1d7ffa09	rc0	load_before 7.03 7.57 8.04	load_after 8.12 7.79 8.10
AimeeMullins	redux-keep	5	b0	23.79 1466556	0713636b1d7ffa09	rc0	load_before 7.26 7.61 8.04	load_after 7.93 7.73 8.06
AimeeMullins	redux-keep	5	b1	22.61 1503800	0713636b1d7ffa09	rc0	load_before 7.02 7.54 8.00	load_after 8.46 7.80 8.07
AimeeMullins	redux-keep	5	base	41.30 1466792	0713636b1d7ffa09	rc0	load_before 7.61 7.64 8.02	load_after 17.44 9.90 8.75
JaneMcGonigal	ultra-q8_0	1	base	35.54 1990188	c373acef41ee4baa	rc0	load_before 4.92 7.27 8.03	load_after 7.84 7.74 8.16
JaneMcGonigal	ultra-q8_0	1	b0	35.32 1989888	c373acef41ee4baa	rc0	load_before 7.01 7.56 8.10	load_after 8.66 7.91 8.20
JaneMcGonigal	ultra-q8_0	1	b1	33.31 2016792	c373acef41ee4baa	rc0	load_before 7.93 7.78 8.15	load_after 8.30 7.87 8.17
JaneMcGonigal	ultra-q8_0	2	b0	34.92 1990392	c373acef41ee4baa	rc0	load_before 7.41 7.70 8.11	load_after 7.92 7.77 8.12
JaneMcGonigal	ultra-q8_0	2	b1	33.95 2016712	c373acef41ee4baa	rc0	load_before 6.86 7.54 8.04	load_after 7.92 7.69 8.07
JaneMcGonigal	ultra-q8_0	2	base	35.89 1989796	c373acef41ee4baa	rc0	load_before 7.17 7.53 8.01	load_after 9.26 8.01 8.15
JaneMcGonigal	ultra-q8_0	3	b1	34.47 2016736	c373acef41ee4baa	rc0	load_before 7.81 7.75 8.07	load_after 9.19 8.08 8.17
JaneMcGonigal	ultra-q8_0	3	base	34.97 1990160	c373acef41ee4baa	rc0	load_before 8.00 7.86 8.09	load_after 8.77 8.06 8.15
JaneMcGonigal	ultra-q8_0	3	b0	34.86 1990232	c373acef41ee4baa	rc0	load_before 7.65 7.84 8.08	load_after 8.46 8.01 8.12
JaneMcGonigal	ultra-q8_0	4	base	36.67 1990216	c373acef41ee4baa	rc0	load_before 7.38 7.79 8.05	load_after 8.66 8.03 8.12
JaneMcGonigal	ultra-q8_0	4	b0	34.96 1989868	c373acef41ee4baa	rc0	load_before 7.64 7.83 8.06	load_after 8.67 8.07 8.13
JaneMcGonigal	ultra-q8_0	4	b1	32.92 2017000	c373acef41ee4baa	rc0	load_before 7.65 7.87 8.06	load_after 8.99 8.17 8.16
JaneMcGonigal	ultra-q8_0	5	b0	34.68 1989776	c373acef41ee4baa	rc0	load_before 7.92 7.97 8.09	load_after 8.40 8.06 8.12
JaneMcGonigal	ultra-q8_0	5	b1	35.70 2016752	c373acef41ee4baa	rc0	load_before 7.33 7.84 8.05	load_after 8.50 8.03 8.10
JaneMcGonigal	ultra-q8_0	5	base	37.53 1990160	c373acef41ee4baa	rc0	load_before 7.50 7.83 8.03	load_after 9.08 8.19 8.14
JaneMcGonigal	redux-keep	1	base	24.12 1451392	3978446d6aac4afe	rc0	load_before 8.06 8.00 8.08	load_after 8.62 8.13 8.12
JaneMcGonigal	redux-keep	1	b0	24.67 1451404	3978446d6aac4afe	rc0	load_before 7.90 7.99 8.08	load_after 8.33 8.08 8.11
JaneMcGonigal	redux-keep	1	b1	25.57 1482340	3978446d6aac4afe	rc0	load_before 7.43 7.89 8.04	load_after 8.24 8.03 8.09
JaneMcGonigal	redux-keep	2	b0	24.52 1451060	3978446d6aac4afe	rc0	load_before 7.43 7.87 8.03	load_after 8.10 7.97 8.06
JaneMcGonigal	redux-keep	2	b1	39.68 1483788	3978446d6aac4afe	rc0	load_before 7.48 7.83 8.02	load_after 9.59 8.33 8.17
JaneMcGonigal	redux-keep	2	base	24.96 1451660	3978446d6aac4afe	rc0	load_before 8.73 8.19 8.13	load_after 9.26 8.34 8.18
JaneMcGonigal	redux-keep	3	b1	23.02 1483472	3978446d6aac4afe	rc0	load_before 8.15 8.13 8.11	load_after 9.09 8.36 8.19
JaneMcGonigal	redux-keep	3	base	24.44 1450932	3978446d6aac4afe	rc0	load_before 8.15 8.18 8.14	load_after 11.79 9.03 8.42
JaneMcGonigal	redux-keep	3	b0	23.15 1451448	3978446d6aac4afe	rc0	load_before 10.29 8.80 8.35	load_after 10.43 8.92 8.40
JaneMcGonigal	redux-keep	4	base	22.72 1451568	3978446d6aac4afe	rc0	load_before 9.05 8.67 8.32	load_after 9.94 8.92 8.42
JaneMcGonigal	redux-keep	4	b0	22.90 1451504	3978446d6aac4afe	rc0	load_before 8.88 8.73 8.36	load_after 9.55 8.88 8.42
JaneMcGonigal	redux-keep	4	b1	20.00 1483192	3978446d6aac4afe	rc0	load_before 8.31 8.64 8.34	load_after 8.41 8.63 8.35
JaneMcGonigal	redux-keep	5	b0	22.10 1451504	3978446d6aac4afe	rc0	load_before 7.43 8.41 8.28	load_after 8.41 8.57 8.33
JaneMcGonigal	redux-keep	5	b1	21.51 1485412	3978446d6aac4afe	rc0	load_before 7.51 8.37 8.27	load_after 9.80 8.81 8.42
JaneMcGonigal	redux-keep	5	base	22.87 1451368	3978446d6aac4afe	rc0	load_before 9.15 8.70 8.38	load_after 11.22 9.26 8.58
DanielKahneman	ultra-q8_0	1	base	32.65 1974592	669e94614b0cba3a	rc0	load_before 9.87 9.03 8.51	load_after 10.11 9.18 8.58
DanielKahneman	ultra-q8_0	1	b0	35.73 1974896	669e94614b0cba3a	rc0	load_before 8.87 8.94 8.51	load_after 11.12 9.45 8.69
DanielKahneman	ultra-q8_0	1	b1	33.08 2007260	669e94614b0cba3a	rc0	load_before 9.86 9.24 8.63	load_after 11.19 9.63 8.78
DanielKahneman	ultra-q8_0	2	b0	33.67 1974456	669e94614b0cba3a	rc0	load_before 9.93 9.41 8.72	load_after 10.11 9.51 8.78
DanielKahneman	ultra-q8_0	2	b1	34.68 2007480	669e94614b0cba3a	rc0	load_before 9.91 9.49 8.78	load_after 10.49 9.66 8.87
DanielKahneman	ultra-q8_0	2	base	35.30 1974240	669e94614b0cba3a	rc0	load_before 9.35 9.44 8.80	load_after 11.10 9.87 8.97
DanielKahneman	ultra-q8_0	3	b1	32.86 2007008	669e94614b0cba3a	rc0	load_before 10.18 9.71 8.93	load_after 11.09 9.98 9.05
DanielKahneman	ultra-q8_0	3	base	34.12 1974776	669e94614b0cba3a	rc0	load_before 9.92 9.77 8.99	load_after 11.22 10.10 9.13
DanielKahneman	ultra-q8_0	3	b0	33.07 1974372	669e94614b0cba3a	rc0	load_before 10.17 9.91 9.08	load_after 10.74 10.08 9.16
DanielKahneman	ultra-q8_0	4	base	32.30 1974504	669e94614b0cba3a	rc0	load_before 9.33 9.80 9.08	load_after 10.03 9.93 9.15
DanielKahneman	ultra-q8_0	4	b0	33.05 1974652	669e94614b0cba3a	rc0	load_before 9.16 9.75 9.10	load_after 9.77 9.87 9.16
DanielKahneman	ultra-q8_0	4	b1	31.43 2007432	669e94614b0cba3a	rc0	load_before 8.50 9.59 9.08	load_after 9.08 9.65 9.12
DanielKahneman	ultra-q8_0	5	b0	32.67 1974588	669e94614b0cba3a	rc0	load_before 8.07 9.42 9.05	load_after 9.35 9.58 9.11
DanielKahneman	ultra-q8_0	5	b1	31.29 2007608	669e94614b0cba3a	rc0	load_before 8.14 9.31 9.03	load_after 9.11 9.39 9.07
DanielKahneman	ultra-q8_0	5	base	32.18 1974064	669e94614b0cba3a	rc0	load_before 7.87 9.12 8.98	load_after 8.97 9.28 9.04
DanielKahneman	redux-keep	1	base	20.55 1437716	0c96f14edad70cd7	rc0	load_before 8.31 9.12 8.99	load_after 8.62 9.13 9.00
DanielKahneman	redux-keep	1	b0	21.47 1437936	0c96f14edad70cd7	rc0	load_before 7.82 8.95 8.94	load_after 9.29 9.19 9.02
DanielKahneman	redux-keep	1	b1	21.19 1470068	0c96f14edad70cd7	rc0	load_before 8.70 9.07 8.98	load_after 9.50 9.23 9.04
DanielKahneman	redux-keep	2	b0	21.65 1435688	0c96f14edad70cd7	rc0	load_before 8.66 9.06 8.98	load_after 10.83 9.51 9.13
DanielKahneman	redux-keep	2	b1	29.04 1469756	0c96f14edad70cd7	rc0	load_before 12.04 9.80 9.23	load_after 18.00 11.42 9.79
DanielKahneman	redux-keep	2	base	23.07 1434520	0c96f14edad70cd7	rc0	load_before 18.00 11.64 9.87	load_after 17.59 12.10 10.08
DanielKahneman	redux-keep	3	b1	20.79 1469588	0c96f14edad70cd7	rc0	load_before 16.32 12.01 10.07	load_after 14.59 11.89 10.07
DanielKahneman	redux-keep	3	base	21.41 1435020	0c96f14edad70cd7	rc0	load_before 12.64 11.56 9.99	load_after 11.88 11.46 9.99
DanielKahneman	redux-keep	3	b0	24.15 1438240	0c96f14edad70cd7	rc0	load_before 10.66 11.21 9.92	load_after 12.34 11.58 10.08
DanielKahneman	redux-keep	4	base	20.22 1434756	0c96f14edad70cd7	rc0	load_before 10.91 11.30 10.00	load_after 10.23 11.10 9.97
DanielKahneman	redux-keep	4	b0	20.04 1437892	0c96f14edad70cd7	rc0	load_before 9.12 10.83 9.89	load_after 9.00 10.68 9.86
DanielKahneman	redux-keep	4	b1	19.09 1469668	0c96f14edad70cd7	rc0	load_before 7.92 10.40 9.78	load_after 9.82 10.65 9.87
DanielKahneman	redux-keep	5	b0	21.08 1437192	0c96f14edad70cd7	rc0	load_before 8.78 10.40 9.80	load_after 9.08 10.35 9.79
DanielKahneman	redux-keep	5	b1	24.75 1469552	0c96f14edad70cd7	rc0	load_before 7.92 10.05 9.70	load_after 9.67 10.31 9.80
DanielKahneman	redux-keep	5	base	23.87 1434984	0c96f14edad70cd7	rc0	load_before 8.72 10.08 9.73	load_after 11.06 10.50 9.88
